"""date"",""target"",""ret1y"",""ret3y"",""sd1y"",""sd3y"",""sp500"",""unrate"",""tx_cpi"",""export"""
1962-07-01,0,7.95640079502214,5.06360738962437,0.764677409727483,2.65393100885759,62.1465078253968,5.53333333333333,-21.0596026490019,29.593
1962-10-01,0,7.44957953127131,5.03361324095005,1.50133335583862,2.64670117935017,57.8484128095238,5.56666666666667,97.5824175823788,28.683
1963-01-01,1,6.3662505434355,4.89390743489693,1.58096352219463,2.61595904856973,59.4449206031746,5.53333333333333,-50.6578947368468,29.161
1963-04-01,1,5.57293744858006,5.00799199679225,1.19034271247081,2.58047550533469,65.5327416935484,5.76666666666667,-25.9036144578252,31.448
1963-07-01,0,5.20514066593289,5.16611699753775,0.526629012954468,2.56569563757369,69.669365015873,5.73333333333333,23.6353711790318,31.215
1963-10-01,0,5.54251693768841,5.55027045428411,0.978131213683462,2.42126312770785,70.908593640625,5.5,97.6112920738426,32.474
1964-01-01,0,6.314753553422,6.15931167544236,1.23172412212666,1.87583366871669,73.2959679193548,5.56666666666667,97.1891891892081,34.192
1964-04-01,0,7.03319704655114,6.58390316661761,0.927978084683211,1.56613009041895,77.5346776451613,5.46666666666667,-67.1700827040611,34.03
1964-07-01,0,7.42541035344065,6.86231727146523,0.450234075277488,1.3563201771359,80.290624609375,5.2,-21.0344827586199,35.375
1964-10-01,0,7.38292520419939,6.79167389105304,0.529491175059395,1.34314943413111,82.88234365625,5,-25.8851931330509,36.48
1965-01-01,0,7.23694112344895,6.63931507343549,0.473877346774936,1.16274340121912,84.7161910952381,4.96666666666667,-1.06951871658713,32.969
1965-04-01,0,7.19253528580577,6.59955659364566,0.411713189155201,1.11669801850227,86.575806016129,4.9,592.529348986049,38.367
1965-07-01,0,7.41619156873971,6.68224752937108,0.695632946280033,1.20540827468274,87.3788887777778,4.66666666666667,-1.69491525423715,37.551
1965-10-01,0,8.43004560033411,7.11849591407397,1.57488035423734,1.60247620233328,86.91703109375,4.36666666666667,31.0829817158998,39.698
1966-01-01,0,9.35444079106375,7.63537848931157,1.66456043649339,1.73124515125334,91.7519047777778,4.1,243.750000000029,39.356
1966-04-01,0,10.017364304193,8.08103221218329,1.18782588392119,1.64791365040566,91.5047618412698,3.86666666666667,53.5379115149668,40.872
1966-07-01,0,10.293610279382,8.37840406718744,0.659900461451227,1.51880672646468,88.0579365396825,3.83333333333333,118.969072164952,40.857
1966-10-01,0,9.61147178532658,8.47481419662003,1.25581929120991,1.44467481311691,81.34140596875,3.76666666666667,93.6670071501581,42.594
1967-01-01,0,8.41848988620486,8.33662393357252,1.81700967583623,1.59254964060562,79.7979031612903,3.7,-86.2208713272555,43.886
1967-04-01,0,7.22441248296185,8.14477069098686,1.78793215130279,1.79324722545488,87.1067741290323,3.83333333333333,-29.4074346705931,43.239
1967-07-01,0,6.269166946882,7.99298959833456,1.16017834327417,1.93495658594009,91.683125359375,3.83333333333333,-2.61044176706832,42.845
1967-10-01,0,5.72316337957744,7.92156025507938,0.27503943606088,2.00427178649755,94.4336505714286,3.8,9.58955223880498,43.896
1968-01-01,0,6.13281785321809,7.96858284349557,1.06973276965208,1.99139166075226,94.5688707258064,3.9,1068.04733727819,45.452
1968-04-01,0,7.27988898560969,8.1738885909215,2.0900663943191,2.07418328373394,91.7177417419355,3.73333333333333,20.3703703703691,47.165
1968-07-01,0,8.36227463996855,8.3083506220775,2.02448384532262,2.13306835787055,97.9140679152542,3.56666666666667,49.5495495495499,49.891
1968-10-01,0,9.37406588481146,8.23623368323849,1.10324099967985,2.05858436996424,99.8817304423077,3.53333333333333,27.6190476190479,49.116
1969-01-01,0,9.75054506000197,8.10061759980831,0.359298324483355,1.91897226205123,105.206792471698,3.4,3.4369114877568,44.042
1969-04-01,0,9.23500629232581,7.91310258696578,0.879970074524634,1.79668913811713,100.954999983333,3.4,71.7953488372138,53.775
1969-07-01,0,8.8425031394925,7.82464824211435,0.838177808923869,1.74302879507476,101.667301460317,3.43333333333333,8.32570905763845,53.596
1969-10-01,0,8.19736440760039,7.76486455732976,0.824091123417293,1.75022740475029,94.4671426031746,3.56666666666667,26.23985572588,56.275
1970-01-01,0,7.34576926346605,7.74304405889537,1.10975625700796,1.7745117425044,94.209062484375,3.56666666666667,8.92307692307734,57.031
1970-04-01,0,6.79351648664926,7.76947058819492,1.22445723070167,1.73953878264536,88.7673772622951,4.16666666666667,-0.462962962963187,60.411
1970-07-01,0,6.07471005031055,7.75982927659053,0.797200611809545,1.75314825252441,79.2473842769231,4.76666666666667,-23.3768334771344,60.519
1970-10-01,1,5.47906315009876,7.6834978141702,0.445626672550762,1.86379368505538,78.627187796875,5.16666666666667,-5.3754266211616,60.873
1971-01-01,0,6.01945544041697,7.70525658796166,1.3657788384381,1.86585258435529,86.29875028125,5.83333333333333,-43.1818181818186,63.221
1971-04-01,0,6.65573920326976,7.56142066074828,1.75617193268772,1.72986196123162,96.8675806129032,5.93333333333333,-34.8370927318295,62.894
1971-07-01,0,7.40286709775357,7.44002676251888,1.70557037769894,1.59746292367098,101.421428396825,5.9,-4.21487603305857,65.717
1971-10-01,0,8.52299602479079,7.39980786082998,0.57808740455504,1.53691889056429,98.5171875,6.03333333333333,-64.0637775960751,60.019
1972-01-01,0,8.62852560298625,7.33125010228976,0.477289921251214,1.4644238217231,96.45718753125,5.93333333333333,-3.33604556549834,68.639
1972-04-01,0,8.92686232213955,7.45870600401952,0.587461278070298,1.58849561097269,105.449523285714,5.76666666666667,-25.624456319127,67.152
1972-07-01,0,9.21443330673405,7.56400348493272,0.546992080775561,1.68961029022151,108.1351565,5.7,-10.5029585798816,71.453
1972-10-01,0,9.79031965797517,7.93079294428824,1.34924008007158,2.05244296126148,109.287302047619,5.56666666666667,94.1269841269841,76.129
1973-01-01,0,10.6720283880623,8.44000314382184,1.29685358509875,2.23263143864098,113.832295032787,5.36666666666667,71.7679944095052,83.959
1973-04-01,0,11.2037981712458,8.92879989888504,1.08714495006313,2.2401929205908,114.985806677419,4.93333333333333,178.742236024851,91.923
1973-07-01,0,11.5826892441879,9.39999654955851,0.348502167619403,2.0256828677089,107.367619063492,4.93333333333333,129.005315110098,97.576
1973-10-01,0,11.4441836441962,9.9191664423207,0.418653010961739,1.48189055332105,105.022380888889,4.8,141.827637444277,107.62
1974-01-01,0,10.5241555456013,9.94156984554995,1.53471366698237,1.45174461321088,102.574844015625,4.76666666666667,125.163398692809,116.709
1974-04-01,0,9.66600320573487,9.93222123304008,1.65141942779258,1.46339111210217,95.745968016129,5.13333333333333,25.4626923826217,126.668
1974-07-01,0,9.09081060031381,9.96264438374525,1.35969180704257,1.4329272318129,90.634762,5.2,37.2394846532772,126.638
1974-10-01,0,8.40766090427973,9.88072140215035,0.268772801610976,1.49829750112321,75.891093765625,5.63333333333333,30.2580645161312,136.585
1975-01-01,0,8.43783611967687,9.87800668444683,0.252267425416817,1.50123351199941,69.37968746875,6.6,-36.0119492158334,141.369
1975-04-01,0,8.3738388327609,9.74788006991386,0.343265317221417,1.59938245699337,78.604753852459,8.26666666666667,-45.9885568976475,136.827
1975-07-01,0,8.574164875382,9.74922157329457,0.711612083939131,1.59924100743258,89.004218890625,8.86666666666667,-29.5497239141568,134.098
1975-10-01,0,9.01876839032825,9.62353764626805,1.02026250322134,1.49242785820765,87.700468765625,8.46666666666667,-46.8628653178019,142.531
1976-01-01,0,10.0861656316665,9.68271909898155,1.94148094489728,1.6024717152868,89.06031259375,8.3,-46.7195447883428,143.588
1976-04-01,0,11.1302445722786,9.72336220359144,1.48690466175834,1.66195376706486,99.5419049206349,7.73333333333333,-17.7301255230143,146.621
1976-07-01,0,11.3139006147244,9.65962536347341,1.26386559206019,1.61839243078971,101.62904715873,7.56666666666667,-25.1354260712553,151.775
1976-10-01,0,11.2266818061202,9.55103703357607,1.37899268893846,1.55616085967619,104.2993751875,7.73333333333333,-27.0996290171177,156.076
1977-01-01,0,10.3745145896994,9.63283878034759,1.25756861953216,1.50688951865426,102.634920174603,7.76666666666667,78.453475014356,155.354
1977-04-01,0,10.087938537789,9.86400731427616,0.750587698870175,1.48240319915328,101.767301253968,7.5,75.4376058723932,161.906
1977-07-01,0,10.5770332647076,10.1550329182713,1.35816448082838,1.59333514840502,99.0358732698413,7.13333333333333,-9.87517904644946,162.325
1977-10-01,0,11.1027729882199,10.4494077282228,1.3577694454141,1.55707660571373,97.9765075714286,6.9,-6.26361655773361,157.809
1978-01-01,0,11.4851650305002,10.6486150839554,0.725277717105694,1.41407694592835,93.9477778253968,6.66666666666667,0.0574712643673259,164.601
1978-04-01,0,12.0904114178853,11.102864842651,1.0920745136347,1.34586827327742,89.3516127096774,6.33333333333333,15.4498044328546,186.215
1978-07-01,0,12.2810633260909,11.3906657351743,1.20042820053252,1.36487690992583,96.028749921875,6,65.4084551811825,191.302
1978-10-01,0,12.9202388555375,11.7498978832925,1.55232293980236,1.55836424659281,101.764920920635,6.03333333333333,85.2674066599366,205.415
1979-01-01,0,13.9040634427578,11.9212476876525,0.794671181926512,1.76515426513342,97.2046024761905,5.9,43.422354104849,211.669
1979-04-01,0,13.3348469727994,11.8377323094912,1.63569918589176,1.77770205482076,99.4022226190476,5.86666666666667,36.6795366795361,220.908
1979-07-01,0,12.9154693858833,11.9245219922273,1.92127079279499,1.72231497395886,101.136666571429,5.7,39.3737832576251,234.277
1979-10-01,0,11.7959597200844,11.9396571879473,2.03257633937917,1.70251394298318,106.182063253968,5.86666666666667,40.9322799097053,253.664
1980-01-01,0,10.7250538417522,12.0380941050034,0.647899207622874,1.56025923742927,105.239687171875,5.96666666666667,59.7717295873577,268.508
1980-04-01,0,9.92991993350144,11.7850594413954,1.44246507606505,1.94452675851376,110.226825650794,6.3,5.72916666666663,277.389
1980-07-01,0,8.85589978897495,11.3508108336497,1.59595122723814,2.35855382796043,108.402539825397,7.33333333333333,-44.6487478844557,284.673
1980-10-01,0,8.76524296062801,11.1604805120833,1.52012282262261,2.40277347622088,123.226561875,7.66666666666667,-7.18095238095152,292.517
1981-01-01,0,9.15690915841613,11.2620088143087,2.15661720223423,2.4103506296575,132.912856507937,7.4,-32.9245691521606,305.467
1981-04-01,0,10.4320582094264,11.2322750385757,2.65787194229998,2.38347797594543,131.64290333871,7.43333333333333,-36.965761614257,308.455
1981-07-01,0,12.1984677514427,11.3232789754337,1.94038123491694,2.47838302002741,132.819524349206,7.4,53.8486909915481,302.339
1981-10-01,0,12.2692157364069,10.9434728057064,1.81552345262767,2.29883073434425,125.7295309375,7.4,-45.3211290093277,304.695
1982-01-01,1,10.4740260342771,10.1186630114818,4.1889489114913,2.58544958519538,122.147031015625,8.23333333333333,-69.1244480716526,293.202
1982-04-01,0,8.5498369530428,9.63727169865689,4.37224344064535,2.89802246112301,114.037258129032,8.83333333333333,-34.4829181947545,294.729
1982-07-01,1,5.82344870169035,8.95927208070267,2.85498168849545,3.36742457630523,114.013650730159,9.43333333333333,-33.4421820975796,279.634
1982-10-01,1,4.2787252070194,8.43772796801812,0.972559003737561,3.6680163536703,113.755312546875,9.9,-83.4553053565343,265.274
1983-01-01,0,4.59790734772456,8.07628084680592,1.34190833143263,3.66880105575872,136.750626234375,10.6666666666667,-108.319767958092,270.703
1983-04-01,0,5.11080075070386,8.03089863772436,1.97286115974029,3.67381737433082,147.808094333333,10.3666666666667,-16.9428426588919,272.514
1983-07-01,0,6.69796808817411,8.23996151376906,2.46160711839689,3.68627338635317,162.863492460317,10.1333333333333,-37.2780954516586,278.181
1983-10-01,0,8.65152909647156,8.39982334663263,2.40067045319332,3.79103796832811,165.390624296875,9.36666666666667,275.840615501533,286.587
1984-01-01,0,10.2596161408555,8.44384984095239,2.25478602815898,3.83922101627148,165.75222152381,8.53333333333333,-1745.66721581525,292.975
1984-04-01,0,11.4163095923294,8.35898243202537,1.28218251752543,3.73795634243161,160.363651539683,7.86666666666667,-14.6759662888711,302.2
1984-07-01,0,11.6958396112085,8.07241880035765,0.771865398564927,3.36726564644721,155.742380285714,7.43333333333333,-6.89693285437803,305.744
1984-10-01,0,11.145766078783,8.02534012742466,1.43412158241779,3.34341359962742,160.483491666667,7.43333333333333,-18.2917611489016,308.603
1985-01-01,0,10.0780017006602,8.31184172974676,1.65018568034782,3.18589920973794,165.189687515625,7.3,-43.485466361283,306.01
1985-04-01,0,8.8477497711267,8.45828670472,1.53407317420048,3.0762674163696,177.098547967742,7.23333333333333,14.0924819125484,304.126
1985-07-01,0,8.02228724470294,8.80536498136185,0.990998257416553,2.63798811091403,184.737935460317,7.3,-34.791430556061,297.273
1985-10-01,0,7.47211328431453,9.08980281985637,0.531066491338304,2.18361288853865,188.54968268254,7.2,22.002065921677,305.433
1986-01-01,0,7.05287674003442,9.13016486051671,0.352156668944581,2.12667654972003,196.61671878125,7.03333333333333,-66.1880733944926,313.404
1986-04-01,0,6.73196431298012,8.99867455881209,0.694786876158117,2.28559033726011,219.586064770492,7.03333333333333,-117.411954335972,315.119
1986-07-01,0,6.13907364266943,8.61906683286029,0.906336481236547,2.542190715792,240.53343796875,7.16666666666667,2.68847227761975,320.471
1986-10-01,1,5.55929011719498,8.05905649343085,0.802027998163929,2.58369708762854,241.134842875,6.96666666666667,-38.929715470134,334.999
1987-01-01,1,5.1062086582332,7.41236236630927,0.498820874912372,2.32575852141944,243.51984409375,6.83333333333333,421.868530020668,336.451
1987-04-01,0,5.08289922377149,6.88753776929277,0.453781219773965,1.8493118621212,279.465324177419,6.6,-715.057799769611,355.36
1987-07-01,0,5.32633456832731,6.49589848523323,0.642021350310317,1.41252223825356,293.468570698413,6.26666666666667,56.6091954022937,371.854
1987-10-01,0,6.00572567258534,6.34570969136495,1.14618524043036,1.15712744390489,319.223748703125,6,54.6328671328699,392.107
1988-01-01,0,6.67687059913895,6.27865199913552,0.93462618245086,1.05613315356707,255.700156921875,5.83333333333333,-45.6866863974631,418.727
1988-04-01,0,7.23911606600026,6.35132653425062,0.854759675853193,1.14517302223868,258.476985126984,5.7,-3.81964388282685,439.471
1988-07-01,0,7.7752716064755,6.41355993915741,0.34936461707884,1.22525396984424,263.268730571429,5.46666666666667,15.967101531484,453.586
1988-10-01,0,7.84911288617101,6.47137622531711,0.306724390335008,1.27709782321749,266.7823425,5.46666666666667,22.5513187990402,466.619
1989-01-01,0,8.14744942624944,6.6435095612072,0.350327452773454,1.42191297656657,274.978254095238,5.33333333333333,82.6144308138727,485.189
1989-04-01,0,8.18545583334751,6.83582370770642,0.33505600620663,1.45770571501106,290.638549322581,5.2,30.0871731008717,507.229
1989-07-01,0,8.0992085255747,7.06693823345917,0.38637117040845,1.36310695115857,313.648280125,5.23333333333333,-39.335894936057,509.352
1989-10-01,0,7.75475654302718,7.20319836726117,0.939337599911417,1.18674413711674,342.17619152381,5.23333333333333,-7.04726116490891,515.387
1990-01-01,0,7.23660595566299,7.3536419936838,0.863473451967117,0.935798844968551,345.377459333333,5.36666666666667,55.3561970338987,538.232
1990-04-01,0,6.74999185680749,7.39152125205175,0.722170211359445,0.871451090533107,336.574763222222,5.3,-38.2322311897947,545.925
1990-07-01,0,6.20133100068218,7.35860371091079,0.419996380837412,0.933651523509522,349.79650784127,5.33333333333333,113.548109965642,555.149
1990-10-01,1,5.71141881003392,7.10509607974404,0.908106284096955,1.24590603162274,335.881745380952,5.7,68.4542409143343,568.186
1991-01-01,1,4.76349010837657,6.715848496763,1.50931024157584,1.75728330388572,316.562033078125,6.13333333333333,-52.2052816293647,573.177
1991-04-01,1,3.9151099420209,6.2835192107253,1.38692587828674,2.03267301936933,352.282950967213,6.6,-41.5506353191828,590.733
1991-07-01,1,3.30464140443043,5.86839364356243,0.805122787653493,2.12265996279594,378.665936921875,6.83333333333333,-54.4460587915875,600.595
1991-10-01,1,3.2662312573031,5.5774688701214,0.730547931666089,2.069771864689,385.559842578125,6.86666666666667,-53.3700457317051,615.217
1992-01-01,0,3.93295489144505,5.31101698516154,1.19312994189431,1.83323914500327,387.116094046875,7.1,-14.6739728439113,625.287
1992-04-01,0,4.63640209486159,5.10050129789666,1.1296789738618,1.61045568743701,411.971903904762,7.36666666666667,37.7163461538495,626.163
1992-07-01,0,5.29637284212095,4.93411508241119,0.664692660689976,1.39376251171743,410.061588888889,7.6,0.0268240343352044,639.365
1992-10-01,0,5.87588435106474,4.95117813946726,0.535405226112871,1.41496617313059,417.11906240625,7.63333333333333,-6.1333821745057,641.396
1993-01-01,0,5.956879076612,4.88444135881121,0.46621868013761,1.34965054090904,423.687655921875,7.36666666666667,20.4636582343091,643.606
1993-04-01,0,5.86018191596294,4.80389798428181,0.586031207133097,1.29208959934912,442.750320967742,7.13333333333333,-5.94812348419257,653.094
1993-07-01,1,5.6081048459684,4.73637303083993,0.793618473003558,1.26681757085197,445.505872444444,7.06666666666667,-50.0567393771264,650.897
1993-10-01,1,5.19278188908016,4.778299165816,0.414354778597454,1.26589892115293,453.5587483125,6.8,-2.67096477089562,671.6
1994-01-01,0,5.18811180707353,5.02598192504353,0.405886807348539,1.11873483150674,464.271874453125,6.63333333333333,-24.2853876057617,681.232
1994-04-01,0,5.48970870218865,5.32876423767106,0.747818045364198,0.938432435263373,469.213492285714,6.56666666666667,-17.2336865588394,706.988
1994-07-01,0,5.91968535577986,5.6080543479564,0.715847387287292,0.70898706757848,451.168549048387,6.2,124.076607387135,736.883
1994-10-01,0,6.24769634180533,5.77212086065008,0.351977087243824,0.605805226928709,461.120780875,6,-31.9583706356307,758.646
1995-01-01,0,6.24165682157582,5.79554923508712,0.363633158643046,0.59689173666013,460.005237857143,5.63333333333333,28.7281609012524,781.57
1995-04-01,1,5.78594568810908,5.71194543542022,0.854913103388128,0.688078978407498,480.465715666667,5.46666666666667,38.9116848683732,798.851
1995-07-01,1,5.35552608027062,5.62777209400629,0.790554947746197,0.734884458705283,524.442856507937,5.66666666666667,-50.2566348821275,831.399
1995-10-01,1,4.84565379877847,5.42871067655465,0.621939948275622,0.757542803874737,564.796347047619,5.66666666666667,2.0663302390306,839.421
1996-01-01,1,4.56749372651904,5.33242078505613,0.227353617783885,0.784890446921192,597.171428396825,5.56666666666667,10.582066441441,847.94
1996-04-01,0,4.90510553730118,5.39358664253297,0.738692956422325,0.804223059639792,636.454764142857,5.53333333333333,11.9333333333357,859.042
1996-07-01,0,5.163226397555,5.47947927786849,0.860995672153994,0.790444704891753,658.852060507936,5.5,21.5396081771712,859.577
1996-10-01,0,5.66622101542645,5.58652371867008,0.732437617657506,0.804026381208561,660.097969921875,5.26666666666667,50.1261289018126,903.798
1997-01-01,0,6.08586017638911,5.63167024149466,0.223602239305228,0.828203160653235,725.860781671875,5.33333333333333,-26.1649391617857,918.374
1997-04-01,0,6.10830313763167,5.59978478768064,0.210932546697823,0.801499329573778,784.740657639344,5.23333333333333,-59.8777486126386,954.45
1997-07-01,0,6.28347662038059,5.60074303273541,0.198497826839803,0.802710489333161,823.489846234375,5,-25.7394923012869,974.057
1997-10-01,0,6.24840993233083,5.58676158217858,0.213934908939686,0.790883238967774,929.944374109375,4.86666666666667,-45.322157878697,968.33
1998-01-01,0,6.18443530750734,5.61259640347183,0.238007489437254,0.800447450271246,951.37906359375,4.66666666666667,-60.1214130883557,963.021
1998-04-01,0,5.99511054032873,5.66950640508719,0.517596653546064,0.745024441628341,1023.09000486885,4.63333333333333,34.869911034541,947.295
1998-07-01,0,5.68380680414644,5.71016994069401,0.455060573041687,0.705657423509098,1109.66713939683,4.4,-1.57689944706939,935.263
1998-10-01,0,5.65794918613741,5.85752671129823,0.423255071535941,0.539444882603631,1085.080779125,4.53333333333333,-11.931757177515,966.337
1999-01-01,0,5.68902986229475,5.98644178206373,0.461958852223379,0.370541585921354,1121.62702753125,4.43333333333333,43.925438253553,960.764
1999-04-01,0,5.91694634465822,6.00678667420621,0.424612977076276,0.375637383536109,1260.49262577049,4.3,81.5870642116038,974.597
1999-07-01,0,6.14447309198451,6.03725217217051,0.0839784585507578,0.375231735982436,1329.64333769841,4.26666666666667,59.7874047332552,1005.309
1999-10-01,0,6.26896392655206,6.05844101500677,0.170726963503865,0.39604743219573,1341.98672485938,4.23333333333333,78.1730352096925,1030.971
2000-01-01,0,6.30022931868847,6.05789816283018,0.151848259757898,0.395719570746765,1374.09875109375,4.06666666666667,156.432980231879,1052.904
2000-04-01,0,6.64262976448037,6.18489554982244,0.635972121115557,0.5898637743566,1420.00142607937,4.03333333333333,8.96920360925981,1093.36
2000-07-01,0,6.72249735929541,6.18359241847545,0.579442381437296,0.589035884774429,1446.59364928571,3.93333333333333,27.9966439591288,1125.002
2000-10-01,0,6.44437208579066,6.12376173282671,0.890887040735918,0.630248207207576,1475.97888768254,4,-12.7386121515948,1113.177
2001-01-01,1,6.04572573037765,6.01166163712029,1.26900726924368,0.756464365518099,1366.31031238095,3.9,-3.31354146715189,1096.812
2001-04-01,1,5.00921034527203,5.85626215147021,1.29760261110864,1.0515703059707,1273.32903856452,4.23333333333333,-1.49103761321614,1058.013
2001-07-01,1,4.05734911050821,5.64143985392938,1.21402628156578,1.38742016999742,1234.25031392063,4.4,-83.4846084097337,998.902
2001-10-01,1,3.24325453941681,5.31886351725317,1.09036405894654,1.7041557602543,1153.70661332203,4.83333333333333,-152.165090675315,953.52
2002-01-01,1,2.82137871137453,5.05577792014688,0.533882894137754,1.80504817266401,1115.36766051562,5.5,-62.6931177134244,969.157
2002-04-01,1,2.64480197657966,4.76554736211069,0.35236653950017,1.88193975605576,1132.21483363333,5.7,4.15044202565342,1004.154
2002-07-01,1,2.87733271653959,4.55239306211441,0.618280750080979,1.84924177235641,1070.1500025,5.83333333333333,224.369124851044,1015.56
2002-10-01,1,3.27930370879213,4.3223101113332,0.502563614394365,1.75102339651507,895.48859690625,5.73333333333333,-211.555309462282,1003.046
2003-01-01,1,3.43692183101745,4.10134209092321,0.480816773348491,1.6465208106596,886.528284984375,5.86666666666667,183.242143998428,1004.201
2003-04-01,1,3.73312346464552,3.7957119288324,0.130754150300033,1.23138694346839,860.760163819672,5.86666666666667,-66.4782362916896,1007.465
2003-07-01,0,4.14860968507013,3.69443050403931,0.779146801952993,1.01856189452226,937.994601809524,6.13333333333333,14.9412136037236,1037.31
2003-10-01,0,4.81477912193479,3.77911245671458,1.3015728143547,1.20018555420642,1000.380469375,6.13333333333333,-94.2440693091391,1091.682
2004-01-01,0,5.58561903161295,3.94797319133498,1.27278784866262,1.45407589895145,1056.45250128125,5.83333333333333,-10.7817065563514,1133.669
2004-04-01,0,6.37704553660536,4.25165699261018,0.762519736253495,1.69600149075074,1132.67128627419,5.7,292.984967788114,1170.152
2004-07-01,0,6.64744420070912,4.55779553410628,0.316855989943427,1.72419401962125,1123.19645640323,5.6,-27.9907995504335,1180.185
2004-10-01,0,6.644265868727,4.91278289981797,0.319867940808385,1.61949772095254,1103.90827945313,5.43333333333333,3209.73980309377,1221.444
2005-01-01,0,6.73709350303529,5.2532114552219,0.389900981779055,1.60835388092403,1162.6520328125,5.43333333333333,-30.3152743795879,1258.408
2005-04-01,0,6.64052597142004,5.58356499089031,0.321026197525252,1.43933126447509,1191.94786795082,5.3,-6.59169850642713,1294.853
2005-07-01,0,6.74521288182068,5.84708892253331,0.275349893004604,1.33749979824557,1181.97405623437,5.1,244.83976006856,1302.315
2005-10-01,0,6.73242357473345,6.06382285513175,0.296300815649358,1.16886928419283,1224.17437745313,4.96666666666667,-15.0216131152759,1350.743
2006-01-01,0,6.59205571427951,6.30492274964258,0.193841556460396,0.882929918452364,1230.46825398413,4.96666666666667,-14.3156633722665,1413.966
2006-04-01,0,6.52779355520304,6.51512168774282,0.195000186145945,0.457996135079124,1283.65500166129,4.73333333333333,26.5533059433856,1459.767
2006-07-01,0,6.2105688160321,6.53440863285397,0.454242294108477,0.40407074345294,1280.81174430159,4.63333333333333,-53.9590484080949,1475.417
2006-10-01,0,5.96226307517654,6.44631750621233,0.593837836662661,0.526537131815022,1288.3173072381,4.63333333333333,-267.738270795783,1531.531
2007-01-01,1,5.46667152746478,6.26527358159319,0.776993888191765,0.753694768587322,1388.63539344444,4.43333333333333,89.0561064286926,1577.991
2007-04-01,1,5.03856327103078,6.06896093255129,0.488335885715598,0.827614190344211,1424.38131160656,4.5,13.2932673341839,1622.764
2007-07-01,0,4.9053778930966,5.95371986364979,0.364469538012763,0.87442390832362,1497.1761881746,4.5,-50.7467250520476,1685.71
2007-10-01,1,4.7660139060103,5.8202335186401,0.195666231583218,0.919027985103696,1489.46349515873,4.66666666666667,-183.47196982999,1750.714
2008-01-01,1,4.49597456841058,5.51823393671829,0.705370252057292,1.05397896148486,1495.74546621875,4.8,11.5391163753837,1813.321
2008-04-01,1,4.12166773986182,5.22934152203188,0.915430624393473,1.17321592365481,1350.661475,5,14.5001486245771,1905.282
2008-07-01,1,3.44575233302028,4.85389968071633,1.03772100889697,1.33322702841209,1371.62750435938,5.33333333333333,321.505736468003,1922.215
2008-10-01,1,2.06137307352063,4.26321668490249,1.92390064501894,2.00516793471216,1252.02468301562,6,-497.704097591471,1700.304
2009-01-01,1,0.729524887266045,3.56405699438047,2.4194343670943,2.53980541174041,911.977345484375,6.86666666666667,-143.775916037921,1511.768
2009-04-01,1,-0.889989069790956,2.75674731370055,2.36499036856904,3.03738084181657,807.66590052459,8.26666666666667,-51.7022379985474,1521.093
2009-07-01,1,-2.22011056771326,2.04367321946787,1.16510438431989,3.3171954219662,892.601427873016,9.3,-41.6130983082685,1594.725
2009-10-01,1,-1.96492161269679,1.62082178894471,1.62314986816512,3.17516473304738,995.7482805,9.63333333333333,-107.112833500288,1703.508
2010-01-01,1,-0.91824254717266,1.43575230283465,2.6962653388902,3.05231963661839,1088.72327992188,9.93333333333333,-180.664866097214,1759.877
2010-04-01,1,0.937706330830174,1.38979500030034,3.07626962411673,3.00217489892597,1123.59360188525,9.83333333333333,-55.1946520292561,1819.741
2010-07-01,1,2.89156237029905,1.37240137853536,2.02658116659668,2.97985964531602,1134.58443965079,9.63333333333333,-86.2679508391315,1877.253
2010-10-01,1,3.94105691118889,1.34583612400424,1.11573877224155,2.94766116821876,1096.2468748125,9.46666666666667,46.5870020213645,1972.116
2011-01-01,1,4.35658777463514,1.38929003824284,0.361837392967646,2.98515596325261,1204.585620875,9.5,215.090917439858,2040.407
2011-04-01,1,4.27888406203099,1.4422004410234,0.441370137990954,3.02588605019261,1302.52902716129,9.03333333333333,266.957079263738,2116.132
2011-07-01,1,3.91588055152485,1.52911078470355,0.472191342153244,3.06743618609772,1318.33285861905,9.06666666666667,338.086649890871,2156.793
2011-10-01,1,3.66277191557407,1.87963573802206,0.29992561239699,3.02635310145433,1225.26844221875,9,-151.558954107294,2150.123
2012-01-01,1,3.83738543144597,2.42524355296948,0.597586322188857,2.87443568255755,1225.65126836508,8.63333333333333,-37.094830740134,2189.981
2012-04-01,1,3.91773561654129,3.04477533646748,0.621692566321079,2.27703010928391,1348.78371506452,8.26666666666667,-52.5310292132914,2215.586
2012-07-01,1,4.15557994016567,3.65434095399652,0.497797758691522,1.25550765144536,1349.67856560317,8.2,-46.3112625543103,2227.734
2012-10-01,1,4.1978415371238,3.93389012129559,0.422882947261811,0.681834576104915,1400.94571553968,8.03333333333333,-123.702138648914,2237.498
2013-01-01,1,3.90118402264784,4.03171907624298,0.393605110249112,0.48338396467385,1418.13903016129,7.8,-25.8042741685547,2255.065
2013-04-01,1,3.61689953343611,3.93783973733613,0.519891373240555,0.558704747472592,1513.9799968,7.73333333333333,-34.6272067967187,2260.438
2013-07-01,1,3.44964853458912,3.84036967542655,0.283442115046402,0.493982863840405,1609.49125095313,7.53333333333333,72.3350809289747,2284.231
2013-10-01,1,3.62247055631895,3.82769466967227,0.540169396503276,0.477398788030839,1674.94359209375,7.23333333333333,-874.317453903533,2348.191
2014-01-01,1,3.52546139595816,3.75467695001732,0.603839605998987,0.518156622248339,1768.66734690625,6.93333333333333,28.9486710623896,2342.408
2014-04-01,1,3.90836058254271,3.81433191084004,0.673531556891435,0.56931804338504,1834.87114780328,6.66666666666667,118.282834509992,2394.081
2014-07-01,1,4.23239410210471,3.9458741922865,0.792776032726955,0.62951264618041,1900.37269609524,6.2,-69.6608168927057,2398.083
2014-10-01,1,4.19702690533025,4.00577966625767,0.789494011565842,0.615208600596548,1975.90812104688,6.06666666666667,187.8699010077,2375.061
2015-01-01,1,4.65763559268306,4.02809367042969,0.349977491603222,0.645710860377808,2009.34437560937,5.7,-171.358765737375,2297.44
2015-04-01,1,4.56168359780816,4.02898123792899,0.426335153565883,0.64593908349229,2063.68983532787,5.53333333333333,2.0940388318043,2298.719
2015-07-01,1,4.12577805618166,3.9359402309585,0.724140696885839,0.683656659232813,2101.82905501587,5.43333333333333,129.060771299609,2258.386
2015-10-01,1,3.74754620165431,3.85568122110117,1.01129895773152,0.771292725372664,2027.20000267187,5.1,-44.0041446337449,2220.057
2016-01-01,1,3.1153520448376,3.76614967782627,0.780853334313551,0.873622422623325,2052.31187814063,5.03333333333333,-111.898782141538,2179.216
2016-04-01,1,2.64308096517305,3.70437504850797,0.391687349643321,0.952423173517144,1951.2249135082,4.9,-2.7575653503488,2218.949
2016-07-01,1,2.48857036905308,3.61558084244648,0.169859083085817,1.00854650997026,2075.13140675,4.93333333333333,26.650398626762,2265.416
2016-10-01,1,2.68432292290346,3.54296534329601,0.534084069279557,0.982644074577991,2162.05686951562,4.9,-149.478119454196,2264.857
2017-01-01,1,3.06214944552052,3.61171236101373,0.762836308532708,0.97755723832798,2184.87855746032,4.76666666666667,1123.40588221601,2339.728
2017-04-01,1,3.41861980844179,3.54112812380767,0.602382756645,0.931580218257282,2325.92789979032,4.56666666666667,-53.638636266712,2349.681
2017-07-01,1,3.82599799706769,3.48011547410081,0.304948789202861,0.85372889047974,2397.97093561905,4.36666666666667,19.2176798353481,2384.524
2017-10-01,1,4.18012617085572,3.53733176513783,0.507549939712466,0.926220586228899,2467.17462642857,4.33333333333333,66.5195880683452,2479.107
2018-01-01,0,4.51441699538104,3.56397282857972,0.689710979213485,0.973642780905539,2603.27731660317,4.16666666666667,12.0623445308476,2518.052
2018-04-01,0,5.09330586073719,3.71833554478401,0.77088188217793,1.20143133342479,2733.47672260656,4.03333333333333,90.0721091357153,2564.081
2018-07-01,0,5.48437730841148,3.93298189151075,0.512418281612892,1.32018066464266,2703.1312446875,3.93333333333333,-17.4849672189637,2535.975
2018-10-01,1,5.42473141308427,4.09639350228115,0.609948051633281,1.27230686782226,2849.60143074603,3.76666666666667,-115.512719608079,2534.247
2019-01-01,1,5.17333377665429,4.24996673918529,0.857283514215695,1.15646281489918,2698.9268275873,3.83333333333333,-62.1815728124438,2542.674
2019-04-01,1,4.64350307828662,4.38514291582186,0.797197902746248,0.990298011277764,2721.00441847541,3.86666666666667,16.0140908574788,2549.568
2019-07-01,1,4.22589928800916,4.51209153116278,0.312455133148612,0.817505256565193,2882.32776461905,3.6,-16.2257324421049,2533.321
2019-10-01,1,4.12957162501014,4.57814306965004,0.162977570842719,0.755224122689718,2957.83640670312,3.63333333333333,-470.499999283298,2528.239
2020-01-01,1,3.69039037541911,4.45938038248482,0.807022488120908,0.953566563432825,3082.7556115,3.6,25.1588641159518,2412.658
2020-04-01,1,0.788268865382466,3.50835926813542,5.70704897477118,3.64565208033853,3055.86918395161,3.8,-145.058778258368,1817.45
2020-07-01,1,-0.429057857411405,3.09373957966975,5.27296425487309,3.83904821026465,2931.68555461905,12.9666666666667,312.700824421373,2106.559
2020-10-01,1,-1.49659577328946,2.68590242160165,4.35994153928067,3.89098830954991,3319.83407214062,8.83333333333333,7.94874280228226,2257.796
2021-01-01,1,-1.22062253064528,2.54770054047604,4.71737354678137,3.82003445215853,3554.501091,6.76666666666667,155.85222712932,2369.133
2021-04-01,0,5.04333210336435,3.49170134901114,8.43498471119478,5.69876947151217,3865.70689919672,6.2,-533.26578587305,2503.089
2021-07-01,0,7.80059135091651,3.86581092717142,7.66105548200301,6.00009763538073,4183.62636407936,5.9,41.4932397517647,2553.333
2021-10-01,0,10.848594911058,4.49385692092622,5.6904673616457,6.46567792165408,4421.58795160937,5.1,560.039041358214,2733.037
2022-01-01,0,12.6668225859304,5.04553014356809,3.23569802495772,6.72082656600755,4602.10889439063,4.23333333333333,112.788540711505,2811.225
2022-04-01,0,10.713317418381,5.51497279570927,1.11914379787578,6.83083530744202,4463.85547662903,3.8,27.098353175127,3038.844
2022-07-01,0,10.4335437674951,5.93502575366674,1.38456726228584,6.88947211999828,4105.6671023871,3.6,-17.8836716333617,3067.555
